Procedure;Specialty
Appendectomy;General Surgery & Gastrointestinal
Laparoscopic Appendectomy;General Surgery & Gastrointestinal
Open Appendectomy;General Surgery & Gastrointestinal
Cholecystectomy;General Surgery & Gastrointestinal
Laparoscopic Cholecystectomy;General Surgery & Gastrointestinal
Open Cholecystectomy;General Surgery & Gastrointestinal
Subtotal Cholecystectomy;General Surgery & Gastrointestinal
Choledochotomy;General Surgery & Gastrointestinal
Choledocholithotomy;General Surgery & Gastrointestinal
Choledochoduodenostomy;General Surgery & Gastrointestinal
Choledochojejunostomy;General Surgery & Gastrointestinal
Roux-en-Y Choledochojejunostomy;General Surgery & Gastrointestinal
Hepatectomy;General Surgery & Gastrointestinal
Right Hepatectomy;General Surgery & Gastrointestinal
Left Hepatectomy;General Surgery & Gastrointestinal
Extended Right Hepatectomy;General Surgery & Gastrointestinal
Extended Left Hepatectomy;General Surgery & Gastrointestinal
Segmentectomy (Hepatic);General Surgery & Gastrointestinal
Hepatic Wedge Resection;General Surgery & Gastrointestinal
Pancreatectomy;General Surgery & Gastrointestinal
Distal Pancreatectomy;General Surgery & Gastrointestinal
Total Pancreatectomy;General Surgery & Gastrointestinal
Pancreaticoduodenectomy (Whipple Procedure);General Surgery & Gastrointestinal
Pylorus-Preserving Pancreaticoduodenectomy;General Surgery & Gastrointestinal
Central Pancreatectomy;General Surgery & Gastrointestinal
Pancreatic Necrosectomy;General Surgery & Gastrointestinal
Frey Procedure;General Surgery & Gastrointestinal
Puestow Procedure (Partington-Rochelle);General Surgery & Gastrointestinal
Beger Procedure;General Surgery & Gastrointestinal
Gastrectomy;General Surgery & Gastrointestinal
Total Gastrectomy;General Surgery & Gastrointestinal
Subtotal Gastrectomy;General Surgery & Gastrointestinal
Distal Gastrectomy;General Surgery & Gastrointestinal
Proximal Gastrectomy;General Surgery & Gastrointestinal
Sleeve Gastrectomy;General Surgery & Gastrointestinal
Roux-en-Y Gastric Bypass;General Surgery & Gastrointestinal
Biliopancreatic Diversion with Duodenal Switch;General Surgery & Gastrointestinal
Adjustable Gastric Banding;General Surgery & Gastrointestinal
Revisional Bariatric Surgery;General Surgery & Gastrointestinal
Gastrostomy;General Surgery & Gastrointestinal
Percutaneous Endoscopic Gastrostomy (PEG);General Surgery & Gastrointestinal
Gastroenterostomy;General Surgery & Gastrointestinal
Gastrotomy;General Surgery & Gastrointestinal
Antrectomy;General Surgery & Gastrointestinal
Vagotomy;General Surgery & Gastrointestinal
Truncal Vagotomy;General Surgery & Gastrointestinal
Selective Vagotomy;General Surgery & Gastrointestinal
Highly Selective Vagotomy;General Surgery & Gastrointestinal
Pyloroplasty;General Surgery & Gastrointestinal
Heineke-Mikulicz Pyloroplasty;General Surgery & Gastrointestinal
Finney Pyloroplasty;General Surgery & Gastrointestinal
Jaboulay Pyloroplasty;General Surgery & Gastrointestinal
Fundoplication;General Surgery & Gastrointestinal
Nissen Fundoplication;General Surgery & Gastrointestinal
Toupet Fundoplication;General Surgery & Gastrointestinal
Dor Fundoplication;General Surgery & Gastrointestinal
LINX Reflux Management System Implantation;General Surgery & Gastrointestinal
Esophagectomy;General Surgery & Gastrointestinal
Ivor Lewis Esophagectomy;General Surgery & Gastrointestinal
Mckeown Esophagectomy;General Surgery & Gastrointestinal
Transhiatal Esophagectomy;General Surgery & Gastrointestinal
Thoracoabdominal Esophagectomy;General Surgery & Gastrointestinal
Esophagomyotomy (Heller Myotomy);General Surgery & Gastrointestinal
Peroral Endoscopic Myotomy (POEM);General Surgery & Gastrointestinal
Esophagostomy;General Surgery & Gastrointestinal
Esophageal Diverticulectomy;General Surgery & Gastrointestinal
Colectomy;General Surgery & Gastrointestinal
Right Hemicolectomy;General Surgery & Gastrointestinal
Extended Right Hemicolectomy;General Surgery & Gastrointestinal
Left Hemicolectomy;General Surgery & Gastrointestinal
Sigmoid Colectomy;General Surgery & Gastrointestinal
Transverse Colectomy;General Surgery & Gastrointestinal
Total Colectomy;General Surgery & Gastrointestinal
Total Proctocolectomy;General Surgery & Gastrointestinal
Ileal Pouch-Anal Anastomosis (IPAA / J-Pouch);General Surgery & Gastrointestinal
Subtotal Colectomy;General Surgery & Gastrointestinal
Proctectomy;General Surgery & Gastrointestinal
Abdominoperineal Resection (APR);General Surgery & Gastrointestinal
Low Anterior Resection (LAR);General Surgery & Gastrointestinal
Ultra-Low Anterior Resection;General Surgery & Gastrointestinal
Intersphincteric Resection;General Surgery & Gastrointestinal
Hartmann's Procedure;General Surgery & Gastrointestinal
Hartmann's Reversal (Colostomy Closure);General Surgery & Gastrointestinal
Ileostomy;General Surgery & Gastrointestinal
Loop Ileostomy;General Surgery & Gastrointestinal
End Ileostomy;General Surgery & Gastrointestinal
Continent Ileostomy (Kock Pouch);General Surgery & Gastrointestinal
Colostomy;General Surgery & Gastrointestinal
Loop Colostomy;General Surgery & Gastrointestinal
End Colostomy;General Surgery & Gastrointestinal
Cecostomy;General Surgery & Gastrointestinal
Small Bowel Resection;General Surgery & Gastrointestinal
Duodenectomy;General Surgery & Gastrointestinal
Ileectomy;General Surgery & Gastrointestinal
Jejunectomy;General Surgery & Gastrointestinal
Strictureplasty (Heineke-Mikulicz);General Surgery & Gastrointestinal
Strictureplasty (Finney);General Surgery & Gastrointestinal
Strictureplasty (Michelassi);General Surgery & Gastrointestinal
Enterostomy;General Surgery & Gastrointestinal
Enterotomy;General Surgery & Gastrointestinal
Meckel's Diverticulectomy;General Surgery & Gastrointestinal
Adhesiolysis (Laparoscopic / Open);General Surgery & Gastrointestinal
Diagnostic Laparoscopy;General Surgery & Gastrointestinal
Laparotomy (Exploratory);General Surgery & Gastrointestinal
Incisional Hernia Repair;General Surgery & Gastrointestinal
Ventral Hernia Repair;General Surgery & Gastrointestinal
Umbilical Hernia Repair;General Surgery & Gastrointestinal
Epigastric Hernia Repair;General Surgery & Gastrointestinal
Inguinal Hernia Repair (Lichtenstein);General Surgery & Gastrointestinal
Inguinal Hernia Repair (TAPP);General Surgery & Gastrointestinal
Inguinal Hernia Repair (TEP);General Surgery & Gastrointestinal
Femoral Hernia Repair;General Surgery & Gastrointestinal
Obturator Hernia Repair;General Surgery & Gastrointestinal
Spigelian Hernia Repair;General Surgery & Gastrointestinal
Hiatal Hernia Repair;General Surgery & Gastrointestinal
Paraesophageal Hernia Repair;General Surgery & Gastrointestinal
Component Separation Technique (Hernia);General Surgery & Gastrointestinal
Robotic Ventral Hernia Repair with Mesh;General Surgery & Gastrointestinal
Splenectomy;General Surgery & Gastrointestinal
Laparoscopic Splenectomy;General Surgery & Gastrointestinal
Partial Splenectomy;General Surgery & Gastrointestinal
Splenorrhaphy;General Surgery & Gastrointestinal
Thyroidectomy;General Surgery & Gastrointestinal
Total Thyroidectomy;General Surgery & Gastrointestinal
Thyroid Lobectomy / Hemithyroidectomy;General Surgery & Gastrointestinal
Subtotal Thyroidectomy;General Surgery & Gastrointestinal
Near-Total Thyroidectomy;General Surgery & Gastrointestinal
Parathyroidectomy;General Surgery & Gastrointestinal
Targeted Parathyroidectomy;General Surgery & Gastrointestinal
Subtotal Parathyroidectomy;General Surgery & Gastrointestinal
Total Parathyroidectomy with Autotransplantation;General Surgery & Gastrointestinal
Adrenalectomy;General Surgery & Gastrointestinal
Laparoscopic Adrenalectomy;General Surgery & Gastrointestinal
Open Adrenalectomy;General Surgery & Gastrointestinal
Posterior Retroperitoneoscopic Adrenalectomy;General Surgery & Gastrointestinal
Excision of Lipoma;General Surgery & Gastrointestinal
Excision of Sebaceous Cyst;General Surgery & Gastrointestinal
Excision of Pilonidal Cyst;General Surgery & Gastrointestinal
Pilonidal Sinus Flap Repair (Karydakis / Limberg);General Surgery & Gastrointestinal
Bascom Cleft Lift Procedure;General Surgery & Gastrointestinal
Hemorrhoidectomy (Milligan-Morgan);General Surgery & Gastrointestinal
Hemorrhoidectomy (Ferguson);General Surgery & Gastrointestinal
Stapled Hemorrhoidopexy (PPH);General Surgery & Gastrointestinal
Rubber Band Ligation of Hemorrhoids;General Surgery & Gastrointestinal
Transanal Hemorrhoidal Dearterialization (THD);General Surgery & Gastrointestinal
Anal Fistulotomy;General Surgery & Gastrointestinal
Anal Fistulectomy;General Surgery & Gastrointestinal
Ligation of Intersphincteric Fistula Tract (LIFT);General Surgery & Gastrointestinal
Endorectal Advancement Flap;General Surgery & Gastrointestinal
Seton Placement (Anal Fistula);General Surgery & Gastrointestinal
Anal Fissurectomy;General Surgery & Gastrointestinal
Lateral Internal Sphincterotomy;General Surgery & Gastrointestinal
Perianal Abscess Drainage;General Surgery & Gastrointestinal
Hidradenitis Suppurativa Excision;General Surgery & Gastrointestinal
Debridement of Necrotizing Fasciitis;General Surgery & Gastrointestinal
Sistrunk Procedure (Thyroglossal Duct Cyst);General Surgery & Gastrointestinal
Branchial Cleft Cyst Excision;General Surgery & Gastrointestinal
Axillary Lymph Node Dissection;General Surgery & Gastrointestinal
Sentinel Lymph Node Biopsy (Breast/Skin);General Surgery & Gastrointestinal
Inguinal Lymphadenectomy;General Surgery & Gastrointestinal
Retroperitoneal Lymph Node Dissection (RPLND);General Surgery & Gastrointestinal
Percutaneous Coronary Intervention (PCI) with Drug-Eluting Stent;Interventional Radiology & Cardiology
Diagnostic Coronary Angiography;Interventional Radiology & Cardiology
Right Heart Catheterization;Interventional Radiology & Cardiology
Left Heart Catheterization;Interventional Radiology & Cardiology
Transcatheter Aortic Valve Implantation (TAVI / TAVR);Interventional Radiology & Cardiology
Transcatheter Mitral Valve Repair (MitraClip);Interventional Radiology & Cardiology
Transcatheter Tricuspid Valve Repair (Pascal System / TriClip);Interventional Radiology & Cardiology
Percutaneous Transvenous Mitral Commissurotomy (PTMC);Interventional Radiology & Cardiology
Left Atrial Appendage Occlusion (Watchman Device);Interventional Radiology & Cardiology
Percutaneous Transluminal Coronary Angioplasty (PTCA);Interventional Radiology & Cardiology
Coronary Intravascular Lithotripsy (IVL);Interventional Radiology & Cardiology
Coronary Rotational Atherectomy;Interventional Radiology & Cardiology
Coronary Orbital Atherectomy;Interventional Radiology & Cardiology
Intravascular Ultrasound (IVUS) Guided Angioplasty;Interventional Radiology & Cardiology
Fractional Flow Reserve (FFR) Measurement;Interventional Radiology & Cardiology
Instantaneous Wave-Free Ratio (iFR) Measurement;Interventional Radiology & Cardiology
Percutaneous Closure of Patent Foramen Ovale (PFO);Interventional Radiology & Cardiology
Percutaneous Closure of Atrial Septal Defect (ASD);Interventional Radiology & Cardiology
Percutaneous Closure of Ventricular Septal Defect (VSD);Interventional Radiology & Cardiology
Percutaneous Closure of Patent Ductus Arteriosus (PDA);Interventional Radiology & Cardiology
Radiofrequency Catheter Ablation of Atrial Fibrillation;Interventional Radiology & Cardiology
Cryoballoon Ablation of Atrial Fibrillation;Interventional Radiology & Cardiology
Radiofrequency Ablation of Atrial Flutter;Interventional Radiology & Cardiology
Radiofrequency Ablation of AVNRT;Interventional Radiology & Cardiology
Catheter Ablation of Ventricular Tachycardia;Interventional Radiology & Cardiology
Implantation of Dual-Chamber Permanent Pacemaker;Interventional Radiology & Cardiology
Implantation of Single-Chamber Permanent Pacemaker;Interventional Radiology & Cardiology
Leadless Pacemaker Implantation (Micra);Interventional Radiology & Cardiology
Implantation of Implantable Cardioverter-Defibrillator (ICD);Interventional Radiology & Cardiology
Subcutaneous ICD (S-ICD) Implantation;Interventional Radiology & Cardiology
Cardiac Resynchronization Therapy Pacemaker (CRT-P) Implantation;Interventional Radiology & Cardiology
Cardiac Resynchronization Therapy Defibrillator (CRT-D) Implantation;Interventional Radiology & Cardiology
His Bundle Pacing Implantation;Interventional Radiology & Cardiology
Left Bundle Branch Area Pacing (LBBAP);Interventional Radiology & Cardiology
Transcatheter Pulmonary Valve Replacement (TPVR - Melody / Sapien);Interventional Radiology & Cardiology
Balloon Pulmonary Valvuloplasty;Interventional Radiology & Cardiology
Balloon Aortic Valvuloplasty;Interventional Radiology & Cardiology
Percutaneous Peripheral Vascular Angioplasty & Stenting;Interventional Radiology & Cardiology
Transcatheter Arterial Chemoembolization (TACE);Interventional Radiology & Cardiology
Transarterial Radioembolization (TARE / Yttrium-90);Interventional Radiology & Cardiology
Selective Internal Radiation Therapy (SIRT);Interventional Radiology & Cardiology
Transjugular Intrahepatic Portosystemic Shunt (TIPS) Insertion;Interventional Radiology & Cardiology
TIPS Revision / Thrombectomy;Interventional Radiology & Cardiology
Percutaneous Transhepatic Cholangiography (PTC) and Drainage;Interventional Radiology & Cardiology
Biliary Stent Placement (Percutaneous);Interventional Radiology & Cardiology
Percutaneous Nephrostomy Tube Placement;Interventional Radiology & Cardiology
Percutaneous Ureteral Stenting;Interventional Radiology & Cardiology
Uterine Artery Embolization (UAE) for Fibroids;Interventional Radiology & Cardiology
Prostatic Artery Embolization (PAE);Interventional Radiology & Cardiology
Varicocele Embolization;Interventional Radiology & Cardiology
Ovarian Vein Embolization for Pelvic Congestion Syndrome;Interventional Radiology & Cardiology
Bronchial Artery Embolization for Hemoptysis;Interventional Radiology & Cardiology
Gastrointestinal Bleeding Embolization;Interventional Radiology & Cardiology
Trauma Splenic / Hepatic / Renal Artery Embolization;Interventional Radiology & Cardiology
Endovascular Aneurysm Repair (EVAR);Interventional Radiology & Cardiology
Thoracic Endovascular Aortic Repair (TEVAR);Interventional Radiology & Cardiology
Fenestrated EVAR (FEVAR);Interventional Radiology & Cardiology
Percutaneous Thrombectomy for Deep Vein Thrombosis (DVT);Interventional Radiology & Cardiology
Catheter-Directed Thrombolysis (CDT) for DVT / PE;Interventional Radiology & Cardiology
Percutaneous Pulmonary Embolectomy (Inari / FlowTriever);Interventional Radiology & Cardiology
Inferior Vena Cava (IVC) Filter Placement;Interventional Radiology & Cardiology
Complex Retrieval of IVC Filter;Interventional Radiology & Cardiology
May-Thurner Syndrome Iliac Vein Stenting;Interventional Radiology & Cardiology
Percutaneous Venous Angioplasty;Interventional Radiology & Cardiology
Percutaneous Arteriovenous Fistula Creation (Ellipsys / WavelinQ);Interventional Radiology & Cardiology
AV Fistula / Graft Percutaneous Balloon Angioplasty;Interventional Radiology & Cardiology
AV Fistula / Graft Mechanical Thrombectomy;Interventional Radiology & Cardiology
Percutaneous Biopsy (CT-Guided / Ultrasound-Guided);Interventional Radiology & Cardiology
CT-Guided Lung Lesion Biopsy;Interventional Radiology & Cardiology
Ultrasound-Guided Liver Biopsy;Interventional Radiology & Cardiology
Transjugular Liver Biopsy;Interventional Radiology & Cardiology
CT-Guided Renal Mass Biopsy;Interventional Radiology & Cardiology
CT-Guided Retroperitoneal Mass Biopsy;Interventional Radiology & Cardiology
Percutaneous Abcess / Fluid Collection Drainage;Interventional Radiology & Cardiology
Percutaneous Cholecystostomy;Interventional Radiology & Cardiology
Radiofrequency Ablation (RFA) of Liver Tumors;Interventional Radiology & Cardiology
Microwave Ablation (MWA) of Liver Tumors;Interventional Radiology & Cardiology
Cryoablation of Renal Cell Carcinoma;Interventional Radiology & Cardiology
Radiofrequency Ablation of Osteoid Osteoma;Interventional Radiology & Cardiology
Irreversible Electroporation (NanoKnife);Interventional Radiology & Cardiology
Percutaneous Vertebroplasty;Interventional Radiology & Cardiology
Percutaneous Balloon Kyphoplasty;Interventional Radiology & Cardiology
Sacroplasty;Interventional Radiology & Cardiology
Percutaneous Gastrostomy / Jejunostomy Tube Placement;Interventional Radiology & Cardiology
Pericardial Window / Percutaneous Pericardiocentesis;Interventional Radiology & Cardiology
Diagnostic Pulmonary Angiography;Interventional Radiology & Cardiology
Bronchial Artery Angiography;Interventional Radiology & Cardiology
Coronary Artery Bypass Grafting (CABG);Cardiothoracic & Vascular Surgery
Off-Pump Coronary Artery Bypass (OPCAB);Cardiothoracic & Vascular Surgery
Minimally Invasive Direct Coronary Artery Bypass (MIDCAB);Cardiothoracic & Vascular Surgery
Robotic-Assisted CABG;Cardiothoracic & Vascular Surgery
Aortic Valve Replacement (AVR);Cardiothoracic & Vascular Surgery
Transcatheter Aortic Valve Replacement (TAVR / TAVI);Cardiothoracic & Vascular Surgery
Sutureless Aortic Valve Replacement;Cardiothoracic & Vascular Surgery
Mitral Valve Repair;Cardiothoracic & Vascular Surgery
Mitral Valve Replacement (MVR);Cardiothoracic & Vascular Surgery
Mitral Valve Annuloplasty;Cardiothoracic & Vascular Surgery
MitraClip Procedure;Cardiothoracic & Vascular Surgery
Tricuspid Valve Repair;Cardiothoracic & Vascular Surgery
Tricuspid Valve Replacement;Cardiothoracic & Vascular Surgery
Pulmonary Valve Replacement;Cardiothoracic & Vascular Surgery
Ross Procedure;Cardiothoracic & Vascular Surgery
Bentall Procedure;Cardiothoracic & Vascular Surgery
David Procedure (Valve-Sparing Aortic Root Replacement);Cardiothoracic & Vascular Surgery
Yacoub Procedure;Cardiothoracic & Vascular Surgery
Ascending Aortic Aneurysm Repair;Cardiothoracic & Vascular Surgery
Aortic Arch Replacement;Cardiothoracic & Vascular Surgery
Frozen Elephant Trunk Procedure;Cardiothoracic & Vascular Surgery
Thoracoabdominal Aortic Aneurysm Repair;Cardiothoracic & Vascular Surgery
Thoracic Endovascular Aneurysm Repair (TEVAR);Cardiothoracic & Vascular Surgery
Lutembacher Procedure;Cardiothoracic & Vascular Surgery
Maze Procedure (Atrial Fibrillation Ablation);Cardiothoracic & Vascular Surgery
Cox-Maze IV Procedure;Cardiothoracic & Vascular Surgery
Left Atrial Appendage Ligation / Occlusion;Cardiothoracic & Vascular Surgery
Ventricular Assist Device (VAD) Implantation;Cardiothoracic & Vascular Surgery
Left Ventricular Assist Device (LVAD) Insertion;Cardiothoracic & Vascular Surgery
Right Ventricular Assist Device (RVAD) Insertion;Cardiothoracic & Vascular Surgery
Total Artificial Heart Implantation;Cardiothoracic & Vascular Surgery
Heart Transplantation;Cardiothoracic & Vascular Surgery
Heart-Lung Transplantation;Cardiothoracic & Vascular Surgery
Ventricular Septal Defect (VSD) Repair;Cardiothoracic & Vascular Surgery
Atrial Septal Defect (ASD) Closure;Cardiothoracic & Vascular Surgery
Patent Ductus Arteriosus (PDA) Ligation;Cardiothoracic & Vascular Surgery
Coarctation of Aorta Repair;Cardiothoracic & Vascular Surgery
Tetralogy of Fallot Repair;Cardiothoracic & Vascular Surgery
Fontan Procedure;Cardiothoracic & Vascular Surgery
Glenn Procedure (Bidirectional);Cardiothoracic & Vascular Surgery
Arterial Switch Operation (Jatene);Cardiothoracic & Vascular Surgery
Norwood Procedure;Cardiothoracic & Vascular Surgery
Sano Modification;Cardiothoracic & Vascular Surgery
Rastelli Procedure;Cardiothoracic & Vascular Surgery
Truncus Arteriosus Repair;Cardiothoracic & Vascular Surgery
Pericardiectomy;Cardiothoracic & Vascular Surgery
Pericardial Window Creation;Cardiothoracic & Vascular Surgery
Pericardiocentesis;Cardiothoracic & Vascular Surgery
Aortic Dissection Repair (Type A);Cardiothoracic & Vascular Surgery
Aortic Dissection Repair (Type B);Cardiothoracic & Vascular Surgery
Carotid Endarterectomy (CEA);Cardiothoracic & Vascular Surgery
Transcarotid Artery Revascularization (TCAR);Cardiothoracic & Vascular Surgery
Carotid Artery Stenting;Cardiothoracic & Vascular Surgery
Femoral-Popliteal Bypass (Fem-Pop);Cardiothoracic & Vascular Surgery
Femoral-Tibial Bypass;Cardiothoracic & Vascular Surgery
Axillofemoral Bypass;Cardiothoracic & Vascular Surgery
Aortobifemoral Bypass;Cardiothoracic & Vascular Surgery
Extra-Anatomic Bypass;Cardiothoracic & Vascular Surgery
Peripheral Angioplasty and Stenting;Cardiothoracic & Vascular Surgery
Atherectomy (Directional / Rotational / Laser);Cardiothoracic & Vascular Surgery
Thrombectomy (Arterial);Cardiothoracic & Vascular Surgery
Embolectomy;Cardiothoracic & Vascular Surgery
Arteriovenous (AV) Fistula Creation;Cardiothoracic & Vascular Surgery
AV Graft Placement;Cardiothoracic & Vascular Surgery
Vein Stripping and Ligation;Cardiothoracic & Vascular Surgery
Endovenous Laser Ablation (EVLA);Cardiothoracic & Vascular Surgery
Radiofrequency Ablation of Varicose Veins;Cardiothoracic & Vascular Surgery
Ambulatory Phlebectomy;Cardiothoracic & Vascular Surgery
Subfascial Endoscopic Perforator Surgery (SEPS);Cardiothoracic & Vascular Surgery
IVC Filter Retrieval;Cardiothoracic & Vascular Surgery
Thoracic Outlet Syndrome Decompression;Cardiothoracic & Vascular Surgery
First Rib Resection;Cardiothoracic & Vascular Surgery
Lobectomy (Pulmonary);Cardiothoracic & Vascular Surgery
Laparoscopic / VATS Lobectomy;Cardiothoracic & Vascular Surgery
Robotic Lobectomy;Cardiothoracic & Vascular Surgery
Pneumonectomy;Cardiothoracic & Vascular Surgery
Extrapleural Pneumonectomy;Cardiothoracic & Vascular Surgery
Segmentectomy (Pulmonary);Cardiothoracic & Vascular Surgery
Wedge Resection (Pulmonary);Cardiothoracic & Vascular Surgery
Sleeve Resection (Bronchial);Cardiothoracic & Vascular Surgery
Bronchoplasty;Cardiothoracic & Vascular Surgery
Pleurodesis (Chemical / Mechanical);Cardiothoracic & Vascular Surgery
Decortication (Pulmonary / Pleural);Cardiothoracic & Vascular Surgery
Thoracotomy (Anterolateral / Posterolateral);Cardiothoracic & Vascular Surgery
Video-Assisted Thoracoscopic Surgery (VATS);Cardiothoracic & Vascular Surgery
Robotic-Assisted Thoracic Surgery (RATS);Cardiothoracic & Vascular Surgery
Mediastinoscopy;Cardiothoracic & Vascular Surgery
Mediastinotomy (Chamberlain Procedure);Cardiothoracic & Vascular Surgery
Thymectomy;Cardiothoracic & Vascular Surgery
Robotic Thymectomy;Cardiothoracic & Vascular Surgery
Transcervical Thymectomy;Cardiothoracic & Vascular Surgery
Tracheostomy;Cardiothoracic & Vascular Surgery
Percutaneous Dilatational Tracheostomy;Cardiothoracic & Vascular Surgery
Tracheal Resection and Reconstruction;Cardiothoracic & Vascular Surgery
Cricothyroidotomy;Cardiothoracic & Vascular Surgery
Chest Tube Insertion (Tube Thoracostomy);Cardiothoracic & Vascular Surgery
Sympathectomy (Thoracic / Endoscopic);Cardiothoracic & Vascular Surgery
Pectus Excavatum Repair (Nuss Procedure);Cardiothoracic & Vascular Surgery
Pectus Excavatum Repair (Ravitch Procedure);Cardiothoracic & Vascular Surgery
Lung Transplantation (Single);Cardiothoracic & Vascular Surgery
Lung Transplantation (Double / Bilateral);Cardiothoracic & Vascular Surgery
Craniotomy for Brain Tumor Resection;Neurosurgery & Spine Surgery
Craniotomy for Meningioma;Neurosurgery & Spine Surgery
Craniotomy for Glioblastoma;Neurosurgery & Spine Surgery
Craniotomy for Acoustic Neuroma;Neurosurgery & Spine Surgery
Awake Craniotomy;Neurosurgery & Spine Surgery
Stereotactic Biopsy of Brain Lesion;Neurosurgery & Spine Surgery
Decompressive Craniectomy;Neurosurgery & Spine Surgery
Cranioplasty;Neurosurgery & Spine Surgery
Endonasal Transsphenoidal Hypophysectomy;Neurosurgery & Spine Surgery
Endoscopic Endonasal Pituitary Surgery;Neurosurgery & Spine Surgery
Microvascular Decompression (Trigeminal Neuralgia);Neurosurgery & Spine Surgery
Microvascular Decompression (Hemifacial Spasm);Neurosurgery & Spine Surgery
Cerebral Aneurysm Clipping;Neurosurgery & Spine Surgery
Endovascular Coiling of Cerebral Aneurysm;Neurosurgery & Spine Surgery
Flow Diverter Stent Placement (Intracranial);Neurosurgery & Spine Surgery
Arteriovenous Malformation (AVM) Resection;Neurosurgery & Spine Surgery
AVM Embolization;Neurosurgery & Spine Surgery
Carotid-Cavernous Fistula Repair;Neurosurgery & Spine Surgery
Surgical Evacuation of Subdural Hematoma;Neurosurgery & Spine Surgery
Burr Hole Evacuation of Subdural Hematoma;Neurosurgery & Spine Surgery
Surgical Evacuation of Epidural Hematoma;Neurosurgery & Spine Surgery
Intracerebral Hemorrhage Evacuation;Neurosurgery & Spine Surgery
Ventulostomy (External Ventricular Drain - EVD);Neurosurgery & Spine Surgery
Ventriculoperitoneal (VP) Shunt Insertion;Neurosurgery & Spine Surgery
Ventriculoatrial (VA) Shunt Insertion;Neurosurgery & Spine Surgery
Lumboperitoneal Shunt Insertion;Neurosurgery & Spine Surgery
Endoscopic Third Ventriculostomy (ETV);Neurosurgery & Spine Surgery
Chiari Malformation Decompression;Neurosurgery & Spine Surgery
Posterior Fossa Decompression;Neurosurgery & Spine Surgery
Stereotactic Radiosurgery (Gamma Knife / CyberKnife);Neurosurgery & Spine Surgery
Deep Brain Stimulation (DBS) Implantation (Parkinson's);Neurosurgery & Spine Surgery
DBS Implantation (Essential Tremor / Dystonia);Neurosurgery & Spine Surgery
Vagus Nerve Stimulator (VNS) Placement;Neurosurgery & Spine Surgery
Responsive Neurostimulation (RNS) System Implantation;Neurosurgery & Spine Surgery
Temporal Lobectomy (Epilepsy);Neurosurgery & Spine Surgery
Amygdalohippocampectomy;Neurosurgery & Spine Surgery
Corpus Callosotomy;Neurosurgery & Spine Surgery
Hemispherectomy;Neurosurgery & Spine Surgery
Functional Hemispherectomy;Neurosurgery & Spine Surgery
Grid/Strip Electrode Placement (Electrocorticography);Neurosurgery & Spine Surgery
Laminectomy (Cervical / Thoracic / Lumbar);Neurosurgery & Spine Surgery
Laminotomy;Neurosurgery & Spine Surgery
Discectomy (Lumbar);Neurosurgery & Spine Surgery
Microdiscectomy;Neurosurgery & Spine Surgery
Percutaneous Endoscopic Discectomy;Neurosurgery & Spine Surgery
Anterior Cervical Discectomy and Fusion (ACDF);Neurosurgery & Spine Surgery
Cervical Corpectomy and Fusion;Neurosurgery & Spine Surgery
Cervical Artificial Disc Replacement;Neurosurgery & Spine Surgery
Posterior Cervical Foraminotomy;Neurosurgery & Spine Surgery
Posterior Cervical Fusion;Neurosurgery & Spine Surgery
Occipitocervical Fusion;Neurosurgery & Spine Surgery
Thoracic Laminectomy;Neurosurgery & Spine Surgery
Thoracic Corpectomy;Neurosurgery & Spine Surgery
Costotransversectomy;Neurosurgery & Spine Surgery
Transpedicular Approach to Thoracic Spine;Neurosurgery & Spine Surgery
Lumbar Microdecompression;Neurosurgery & Spine Surgery
Transforaminal Lumbar Interbody Fusion (TLIF);Neurosurgery & Spine Surgery
Posterolateral Lumbar Fusion (PLF);Neurosurgery & Spine Surgery
Anterior Lumbar Interbody Fusion (ALIF);Neurosurgery & Spine Surgery
Oblique Lumbar Interbody Fusion (OLIF);Neurosurgery & Spine Surgery
Lateral Lumbar Interbody Fusion (LLIF / XLIF);Neurosurgery & Spine Surgery
Posterior Lumbar Interbody Fusion (PLIF);Neurosurgery & Spine Surgery
Artificial Lumbar Disc Replacement;Neurosurgery & Spine Surgery
Kyphoplasty;Neurosurgery & Spine Surgery
Sacroiliac (SI) Joint Fusion;Neurosurgery & Spine Surgery
Spinal Cord Stimulator (SCS) Lead Implantation;Neurosurgery & Spine Surgery
Intrathecal Baclofen Pump Implantation;Neurosurgery & Spine Surgery
Spinal Cord Tumor Resection (Intramedullary);Neurosurgery & Spine Surgery
Extramedullary Spinal Tumor Resection;Neurosurgery & Spine Surgery
Spinal Arteriovenous Malformation Resection;Neurosurgery & Spine Surgery
Scoliosis Correction and Fusion;Neurosurgery & Spine Surgery
Kyphosis Correction / Vertebral Column Resection (VCR);Neurosurgery & Spine Surgery
Pedicle Subtraction Osteotomy (PSO);Neurosurgery & Spine Surgery
Smith-Petersen Osteotomy (SPO);Neurosurgery & Spine Surgery
Tethered Cord Release;Neurosurgery & Spine Surgery
Spina Bifida Myelomeningocele Repair (Fetal / Postnatal);Neurosurgery & Spine Surgery
Rhizotomy (Selective Dorsal);Neurosurgery & Spine Surgery
Percutaneous Radiofrequency Rhizotomy;Neurosurgery & Spine Surgery
Peripheral Nerve Repair;Neurosurgery & Spine Surgery
Nerve Grafting;Neurosurgery & Spine Surgery
Nerve Transfer;Neurosurgery & Spine Surgery
Brachial Plexus Exploration and Reconstruction;Neurosurgery & Spine Surgery
Carpal Tunnel Release (Open);Neurosurgery & Spine Surgery
Carpal Tunnel Release (Endoscopic);Neurosurgery & Spine Surgery
Cubital Tunnel Release (Ulnar Nerve Transposition);Neurosurgery & Spine Surgery
Peroneal Nerve Decompression;Neurosurgery & Spine Surgery
Tarsal Tunnel Release;Neurosurgery & Spine Surgery
Total Hip Arthroplasty (THA - Posterior Approach);Orthopedic Surgery
Total Hip Arthroplasty (THA - Direct Anterior Approach);Orthopedic Surgery
Total Hip Arthroplasty (THA - Lateral Approach);Orthopedic Surgery
Resurfacing Hip Arthroplasty;Orthopedic Surgery
Revision Total Hip Arthroplasty;Orthopedic Surgery
Hip Hemiarthroplasty (Bipolar / Unipolar);Orthopedic Surgery
Hip Arthroscopy;Orthopedic Surgery
Femoroacetabular Impingement (FAI) Labral Repair;Orthopedic Surgery
Periacetabular Osteotomy (Ganz PAO);Orthopedic Surgery
Femoral Osteotomy;Orthopedic Surgery
Total Knee Arthroplasty (TKA);Orthopedic Surgery
Unicompartmental Knee Arthroplasty (SKA);Orthopedic Surgery
Patellofemoral Arthroplasty;Orthopedic Surgery
Revision Total Knee Arthroplasty;Orthopedic Surgery
Knee Arthroscopy;Orthopedic Surgery
Arthroscopic Anterior Cruciate Ligament (ACL) Reconstruction;Orthopedic Surgery
Posterior Cruciate Ligament (PCL) Reconstruction;Orthopedic Surgery
Medial Collateral Ligament (MCL) Repair / Reconstruction;Orthopedic Surgery
Posterolateral Corner (PLC) Reconstruction;Orthopedic Surgery
Arthroscopic Meniscectomy;Orthopedic Surgery
Arthroscopic Meniscal Repair;Orthopedic Surgery
Meniscal Allograft Transplantation;Orthopedic Surgery
Autologous Chondrocyte Implantation (ACI);Orthopedic Surgery
Osteochondral Autograft Transfer (OATS);Orthopedic Surgery
Tibial Plateau Fracture Open Reduction Internal Fixation (ORIF);Orthopedic Surgery
High Tibial Osteotomy (HTO);Orthopedic Surgery
Distal Femoral Osteotomy;Orthopedic Surgery
Total Shoulder Arthroplasty (TSA);Orthopedic Surgery
Reverse Total Shoulder Arthroplasty (RTSA);Orthopedic Surgery
Revision Shoulder Arthroplasty;Orthopedic Surgery
Shoulder Arthroscopy;Orthopedic Surgery
Arthroscopic Rotator Cuff Repair;Orthopedic Surgery
Open Rotator Cuff Repair;Orthopedic Surgery
Arthroscopic Bankart Repair;Orthopedic Surgery
Latarjet Procedure (Coracoid Transfer);Orthopedic Surgery
Capsular Shift for Shoulder Instability;Orthopedic Surgery
Subacromial Decompression;Orthopedic Surgery
Distal Clavicle Resection (Mumford Procedure);Orthopedic Surgery
Biceps Tenodesis;Orthopedic Surgery
Biceps Tenotomy;Orthopedic Surgery
Total Elbow Arthroplasty;Orthopedic Surgery
Elbow Arthroscopy;Orthopedic Surgery
Ulnar Collateral Ligament Reconstruction (Tommy John Surgery);Orthopedic Surgery
Distal Biceps Tendon Repair;Orthopedic Surgery
Lateral Epicondylitis Release (Tennis Elbow);Orthopedic Surgery
Medial Epicondylitis Release (Golfer's Elbow);Orthopedic Surgery
Total Wrist Arthroplasty;Orthopedic Surgery
Wrist Arthroscopy;Orthopedic Surgery
Proximal Row Carpectomy (PRC);Orthopedic Surgery
Four-Corner Fusion of Wrist;Orthopedic Surgery
Scaphoid Fracture ORIF;Orthopedic Surgery
Distal Radius Fracture ORIF;Orthopedic Surgery
Volar Locking Plate Fixation of Distal Radius;Orthopedic Surgery
Kienbock's Disease Excision / Fusion;Orthopedic Surgery
Trapeziectomy with Ligament Reconstruction (LRTI);Orthopedic Surgery
Thumb MCP Joint Arthrodesis;Orthopedic Surgery
Dupuytren's Contracture Fasciectomy;Orthopedic Surgery
Percutaneous Needle Fasciotomy for Dupuytren's;Orthopedic Surgery
Trigger Finger Release (A1 Pulley);Orthopedic Surgery
De Quervain's Tenosynovitis Release;Orthopedic Surgery
Flexor Tendon Repair (Hand);Orthopedic Surgery
Extensor Tendon Repair (Hand);Orthopedic Surgery
Replantation of Amputated Digit;Orthopedic Surgery
Total Ankle Arthroplasty;Orthopedic Surgery
Ankle Arthroscopy;Orthopedic Surgery
Ankle Arthrodesis (Fusion);Orthopedic Surgery
Triple Arthrodesis (Hindfoot);Orthopedic Surgery
Brostrom-Gould Procedure (Ankle Ligament Stabilization);Orthopedic Surgery
Achilles Tendon Repair (Open);Orthopedic Surgery
Achilles Tendon Repair (Percutaneous);Orthopedic Surgery
Achilles Tendon Reconstruction;Orthopedic Surgery
Gastrocnemius Recession (Strayer Procedure);Orthopedic Surgery
Bunionectomy (Scarf / Chevron / Lapidus);Orthopedic Surgery
Hammertoe Correction (PIP Arthrodesis / Arthroplasty);Orthopedic Surgery
Morton's Neuroma Excision;Orthopedic Surgery
Plantar Fascia Release;Orthopedic Surgery
Cavovarus Foot Correction;Orthopedic Surgery
Flatfoot Reconstruction (Calcaneal Osteotomy & FDL Transfer);Orthopedic Surgery
Intramedullary Nailing of Femur;Orthopedic Surgery
Intramedullary Nailing of Tibia;Orthopedic Surgery
Intramedullary Nailing of Humerus;Orthopedic Surgery
ORIF of Femoral Neck Fracture;Orthopedic Surgery
Dynamic Hip Screw (DHS) Fixation;Orthopedic Surgery
Proximal Femoral Nailing (PFNA);Orthopedic Surgery
ORIF of Acetabular Fracture;Orthopedic Surgery
ORIF of Pelvic Ring Disruption;Orthopedic Surgery
External Fixation of Long Bone Fracture;Orthopedic Surgery
ORIF of Ankle Fracture (Bimalleolar / Trimalleolar);Orthopedic Surgery
ORIF of Olecranon Fracture;Orthopedic Surgery
ORIF of Patella Fracture;Orthopedic Surgery
ORIF of Clavicle Fracture;Orthopedic Surgery
ORIF of Scapula Fracture;Orthopedic Surgery
Bone Grafting (Autograft / Allograft);Orthopedic Surgery
Nonunion Bone Repair with BMP;Orthopedic Surgery
Osteotomy for Limb Lengthening (Ilizarov / Precice);Orthopedic Surgery
Amputation - Above Knee (AKA);Orthopedic Surgery
Amputation - Below Knee (BKA);Orthopedic Surgery
Amputation - Through Knee;Orthopedic Surgery
Syme's Amputation;Orthopedic Surgery
Ray Amputation (Foot / Hand);Orthopedic Surgery
Hip Disarticulation;Orthopedic Surgery
Transhumeral Amputation;Orthopedic Surgery
Transradial Amputation;Orthopedic Surgery
Shoulder Disarticulation;Orthopedic Surgery
Compartment Syndrome Fasciotomy (Leg / Forearm);Orthopedic Surgery
Incision and Drainage of Septic Arthritis;Orthopedic Surgery
Sequestrectomy and Saucerization for Osteomyelitis;Orthopedic Surgery
Chondrosarcoma Resection;Orthopedic Surgery
Osteosarcoma Limb-Sparing Resection;Orthopedic Surgery
Radical Prostatectomy (Open);Urology
Laparoscopic Radical Prostatectomy;Urology
Robotic-Assisted Laparoscopic Radical Prostatectomy (RARP);Urology
Transurethral Resection of the Prostate (TURP);Urology
Holmium Laser Enucleation of the Prostate (HoLEP);Urology
Photoselective Vaporization of the Prostate (PVP / GreenLight Laser);Urology
Prostatic Urethral Lift (UroLift);Urology
Water Vapor Therapy (Rezum);Urology
Transurethral Incision of the Prostate (TUIP);Urology
Simple Prostatectomy (Open / Robotic);Urology
Radical Nephrectomy;Urology
Laparoscopic Radical Nephrectomy;Urology
Robotic Radical Nephrectomy;Urology
Partial Nephrectomy;Urology
Laparoscopic Partial Nephrectomy;Urology
Robotic Partial Nephrectomy;Urology
Nephroureterectomy with Bladder Cuff Resection;Urology
Nephrostomy Tube Placement (Percutaneous);Urology
Percutaneous Nephrolithotomy (PCNL);Urology
Mini-PCNL;Urology
Micro-PCNL;Urology
Ureteroscopy (URS) with Laser Lithotripsy;Urology
Flexible Ureterorenoscopy (RIRC);Urology
Extracorporeal Shock Wave Lithotripsy (ESWL);Urology
Ureteral Stent Insertion (JJ Stent);Urology
Ureteral Stent Removal;Urology
Pyeloplasty (Open / Laparoscopic / Robotic);Urology
Ureteral Reimplantation;Urology
Ileal Ureter Replacement;Urology
Radical Cystectomy;Urology
Robotic Radical Cystectomy;Urology
Ileal Conduit Urinary Diversion;Urology
Orthotopic Neobladder Reconstruction (Studer / Hautmann);Urology
Cutaneous Ureterostomy;Urology
Continent Cutaneous Urinary Diversion (Indiana Pouch);Urology
Transurethral Resection of Bladder Tumor (TURBT);Urology
Partial Cystectomy;Urology
Diverticulectomy of Bladder;Urology
Cystolitholapaxy;Urology
Open Cystolithotomy;Urology
Cystostomy (Suprapubic Catheter Placement);Urology
Intravesical Botox Injection for Overactive Bladder;Urology
Sacral Neuromodulation (InterStim Implantation);Urology
Mid-Urethral Sling (TVT / TOT) for Stress Incontinence;Urology
Pubovaginal Sling;Urology
Artificial Urinary Sphincter (AUS) Implantation;Urology
Urethroplasty (Anastomotic);Urology
Urethroplasty (Buccal Mucosa Graft);Urology
Direct Vision Internal Urethrotomy (DVIU);Urology
Meatotomy / Meatoplasty;Urology
Circumcision;Urology
Dorsal Slit of Prepuce;Urology
Revision Circumcision;Urology
Frenuloplasty of Penis;Urology
Vasectomy;Urology
No-Scalpel Vasectomy;Urology
Vasovasostomy (Vasectomy Reversal);Urology
Vasoepididymostomy;Urology
Radical Orchiectomy (Inguinal);Urology
Simple Orchiectomy;Urology
Subcapsular Orchiectomy;Urology
Testicular Prosthesis Implantation;Urology
Orchiopexy for Cryptorchidism;Urology
Testicular Torsion Detorsion and Bilateral Orchiopexy;Urology
Hydrocelectomy;Urology
Spermatocelectomy;Urology
Varicocelectomy (Microscopic / Laparoscopic);Urology
Microscopic Testicular Sperm Extraction (Micro-TESE);Urology
Percutaneous Epididymal Sperm Aspiration (PESA);Urology
Penile Prosthesis Implantation (Inflatable 3-Piece);Urology
Penile Prosthesis Implantation (Malleable);Urology
Peyronie's Disease Plaque Excision and Grafting;Urology
Peyronie's Disease Nesbit / Plication Procedure;Urology
Penectomy (Partial);Urology
Penectomy (Total) with Perineal Urethrostomy;Urology
Dynamic Sentinel Lymph Node Biopsy for Penile Cancer;Urology
Erectile Dysfunction Vascular Revascularization;Urology
Adrenalectomy (Urologic Approach);Urology
Retroperitoneal Lymph Node Dissection (RPLND - Urologic);Urology
Total Abdominal Hysterectomy (TAH);Gynecology & Obstetrics
Total Vaginal Hysterectomy (TVH);Gynecology & Obstetrics
Laparoscopic-Assisted Vaginal Hysterectomy (LAVH);Gynecology & Obstetrics
Total Laparoscopic Hysterectomy (TLH);Gynecology & Obstetrics
Robotic-Assisted Total Hysterectomy;Gynecology & Obstetrics
Subtotal / Supracervical Hysterectomy;Gynecology & Obstetrics
Radical Hysterectomy (Wertheim's Operation);Gynecology & Obstetrics
Laparoscopic Myomectomy;Gynecology & Obstetrics
Robotic Myomectomy;Gynecology & Obstetrics
Open Abdominal Myomectomy;Gynecology & Obstetrics
Hysteroscopic Myomectomy;Gynecology & Obstetrics
Uterine Artery Embolization (UAE / UFE);Gynecology & Obstetrics
Oophorectomy (Unilateral / Bilateral);Gynecology & Obstetrics
Laparoscopic Oophorectomy;Gynecology & Obstetrics
Salpingectomy (Unilateral / Bilateral);Gynecology & Obstetrics
Laparoscopic Salpingectomy for Ectopic Pregnancy;Gynecology & Obstetrics
Salpingostomy for Ectopic Pregnancy;Gynecology & Obstetrics
Salpingo-Oophorectomy (BSO);Gynecology & Obstetrics
Ovarian Cystectomy;Gynecology & Obstetrics
Laparoscopic Ovarian Cystectomy;Gynecology & Obstetrics
Ovarian Drilling for PCOS;Gynecology & Obstetrics
Tubal Ligation (Pomeroy Method);Gynecology & Obstetrics
Tubal Ligation (Bipolar Cautery / Filshie Clips);Gynecology & Obstetrics
Laparoscopic Tubal Reversal (Anastomosis);Gynecology & Obstetrics
Diagnostic Laparoscopy for Pelvic Pain / Infertility;Gynecology & Obstetrics
Laparoscopic Excision of Endometriosis;Gynecology & Obstetrics
Laparoscopic Ablation of Endometriosis;Gynecology & Obstetrics
Presacral Neurectomy;Gynecology & Obstetrics
Uterosacral Ligament Ablation (LUNA);Gynecology & Obstetrics
Hysteroscopy (Diagnostic);Gynecology & Obstetrics
Hysteroscopic Polypectomy;Gynecology & Obstetrics
Hysteroscopic Resection of Uterine Septum;Gynecology & Obstetrics
Hysteroscopic Adhesiolysis (Asherman's Syndrome);Gynecology & Obstetrics
Endometrial Ablation (Novasure / Hydrothermablator);Gynecology & Obstetrics
Dilatation and Curettage (D&C);Gynecology & Obstetrics
Suction Curettage / Vacuum Aspiration;Gynecology & Obstetrics
Cervical Conization (Cold Knife Cone);Gynecology & Obstetrics
Loop Electrosurgical Excision Procedure (LEEP / LLETZ);Gynecology & Obstetrics
Cervical Biopsy / Punch Biopsy;Gynecology & Obstetrics
Cervical Cerclage (McDonald / Shirodkar);Gynecology & Obstetrics
Transabdominal Cervical Cerclage (TAC);Gynecology & Obstetrics
Trachelectomy (Radical);Gynecology & Obstetrics
Vaginoplasty;Gynecology & Obstetrics
Colporrhaphy (Anterior Repair for Cystocele);Gynecology & Obstetrics
Colporrhaphy (Posterior Repair for Rectocele);Gynecology & Obstetrics
Enterocele Repair;Gynecology & Obstetrics
Sacrocolpopexy (Laparoscopic / Robotic);Gynecology & Obstetrics
Sacrospinous Ligament Fixation;Gynecology & Obstetrics
Uterosacral Ligament Suspension;Gynecology & Obstetrics
Laparoscopic Pectopexy;Gynecology & Obstetrics
Bartholin's Gland Cyst Marsupialization;Gynecology & Obstetrics
Bartholin's Gland Excision;Gynecology & Obstetrics
Vulvectomy (Simple / Radical);Gynecology & Obstetrics
Radical Vulvectomy with Inguinal Lymphadenectomy;Gynecology & Obstetrics
Labiaplasty (Minora / Majora);Gynecology & Obstetrics
Clitoral Hood Reduction;Gynecology & Obstetrics
Hymenotomy / Hymenectomy;Gynecology & Obstetrics
Hymenoplasty;Gynecology & Obstetrics
Cesarean Section (Lower Uterine Segment - LSCSE);Gynecology & Obstetrics
Classical Cesarean Section;Gynecology & Obstetrics
Cesarean Hysterectomy;Gynecology & Obstetrics
Operative Vaginal Delivery - Forceps;Gynecology & Obstetrics
Operative Vaginal Delivery - Vacuum Extraction;Gynecology & Obstetrics
Episiotomy (Midline / Mediolateral);Gynecology & Obstetrics
Repair of 3rd / 4th Degree Perineal Laceration;Gynecology & Obstetrics
Manual Removal of Placenta;Gynecology & Obstetrics
Uterine Balloon Tamponade (Bakri Placement);Gynecology & Obstetrics
B-Lynch Suture Placement for Postpartum Hemorrhage;Gynecology & Obstetrics
O'Leary Intrauterine Suture;Gynecology & Obstetrics
Fetal Surgery for Myelomeningocele;Gynecology & Obstetrics
Fetoscopic Laser Photocoagulation for TTTS;Gynecology & Obstetrics
In Vitro Fertilization - Oocyte Retrieval;Gynecology & Obstetrics
Embryo Transfer;Gynecology & Obstetrics
Tonsillectomy (Coblation / Cold Knife / Electrocautery);Otolaryngology (ENT) & Head & Neck Surgery
Adenoidectomy;Otolaryngology (ENT) & Head & Neck Surgery
Adenotonsillectomy;Otolaryngology (ENT) & Head & Neck Surgery
Myringotomy with Tympanostomy Tube Insertion;Otolaryngology (ENT) & Head & Neck Surgery
Tympanoplasty (Type I - V);Otolaryngology (ENT) & Head & Neck Surgery
Myringoplasty;Otolaryngology (ENT) & Head & Neck Surgery
Mastoidectomy (Simple / Cortical);Otolaryngology (ENT) & Head & Neck Surgery
Mastoidectomy (Canal Wall Down / Radical);Otolaryngology (ENT) & Head & Neck Surgery
Mastoidectomy (Canal Wall Up / Modified Radical);Otolaryngology (ENT) & Head & Neck Surgery
Stapedectomy;Otolaryngology (ENT) & Head & Neck Surgery
Stapedotomy;Otolaryngology (ENT) & Head & Neck Surgery
Ossiculoplasty (PORP / TORP Placement);Otolaryngology (ENT) & Head & Neck Surgery
Cochlear Implantation;Otolaryngology (ENT) & Head & Neck Surgery
Bone-Anchored Hearing Aid (BAHA) Implantation;Otolaryngology (ENT) & Head & Neck Surgery
Endolymphatic Sac Decompression;Otolaryngology (ENT) & Head & Neck Surgery
Labyrinthotomy / Labyrinthectomy;Otolaryngology (ENT) & Head & Neck Surgery
Vestibular Nerve Section;Otolaryngology (ENT) & Head & Neck Surgery
Excision of Glomus Tympanicum Tumor;Otolaryngology (ENT) & Head & Neck Surgery
Excision of Glomus Jugulare Tumor;Otolaryngology (ENT) & Head & Neck Surgery
Acoustic Neuroma Resection (Translabyrinthine / Retrosigmoid);Otolaryngology (ENT) & Head & Neck Surgery
Functional Endoscopic Sinus Surgery (FESS);Otolaryngology (ENT) & Head & Neck Surgery
Polypectomy (Nasal);Otolaryngology (ENT) & Head & Neck Surgery
Endoscopic Sinus Antrostomy (Maxillary);Otolaryngology (ENT) & Head & Neck Surgery
Endoscopic Ethmoidectomy (Anterior / Posterior);Otolaryngology (ENT) & Head & Neck Surgery
Endoscopic Sphenoidectomy;Otolaryngology (ENT) & Head & Neck Surgery
Endoscopic Frontal Sinusotomy (Draf I / II / III);Otolaryngology (ENT) & Head & Neck Surgery
Turbinate Reduction (Submucosal Resection / Radiofrequency);Otolaryngology (ENT) & Head & Neck Surgery
Septoplasty;Otolaryngology (ENT) & Head & Neck Surgery
Septorhinoplasty;Otolaryngology (ENT) & Head & Neck Surgery
Nasal Valve Reconstruction;Otolaryngology (ENT) & Head & Neck Surgery
Closed Reduction of Nasal Bone Fracture;Otolaryngology (ENT) & Head & Neck Surgery
Open Reduction of Nasal Bone Fracture;Otolaryngology (ENT) & Head & Neck Surgery
Endoscopic Dacryocystorhinostomy (Endo-DCR);Otolaryngology (ENT) & Head & Neck Surgery
Endoscopic Repair of CSF Rhinorrhea;Otolaryngology (ENT) & Head & Neck Surgery
Endoscopic Resection of Inverted Papilloma;Otolaryngology (ENT) & Head & Neck Surgery
Endoscopic Resection of Juvenile Nasopharyngeal Angiofibroma (JNA);Otolaryngology (ENT) & Head & Neck Surgery
Endoscopic Transsphenoidal Surgery;Otolaryngology (ENT) & Head & Neck Surgery
Uvulopalatopharyngoplasty (UPPP);Otolaryngology (ENT) & Head & Neck Surgery
Laser-Assisted Uvulopalatoplasty (LAUP);Otolaryngology (ENT) & Head & Neck Surgery
Genioglossus Advancement;Otolaryngology (ENT) & Head & Neck Surgery
Hyoid Suspension;Otolaryngology (ENT) & Head & Neck Surgery
Maxillomandibular Advancement (MMA) for Sleep Apnea;Otolaryngology (ENT) & Head & Neck Surgery
Hypoglossal Nerve Stimulator Implantation (Inspire);Otolaryngology (ENT) & Head & Neck Surgery
Direct Laryngoscopy with Biopsy;Otolaryngology (ENT) & Head & Neck Surgery
Microlaryngoscopy with Vocal Cord Lesion Excision;Otolaryngology (ENT) & Head & Neck Surgery
Injection Laryngoplasty (Vocal Cord Augmentation);Otolaryngology (ENT) & Head & Neck Surgery
Thyroplasty Type I (Medialization);Otolaryngology (ENT) & Head & Neck Surgery
Thyroplasty Type II (Lateralization);Otolaryngology (ENT) & Head & Neck Surgery
Thyroplasty Type III (Shortening);Otolaryngology (ENT) & Head & Neck Surgery
Thyroplasty Type IV (Elongation);Otolaryngology (ENT) & Head & Neck Surgery
Arytenoidectomy / Arytenoid Adduction;Otolaryngology (ENT) & Head & Neck Surgery
Laser Cordectomy;Otolaryngology (ENT) & Head & Neck Surgery
Partial Laryngectomy (Vertical / Horizontal / Supracricoid);Otolaryngology (ENT) & Head & Neck Surgery
Total Laryngectomy;Otolaryngology (ENT) & Head & Neck Surgery
Tracheoesophageal Puncture (TEP) for Voice Prosthesis;Otolaryngology (ENT) & Head & Neck Surgery
Pharyngectomy;Otolaryngology (ENT) & Head & Neck Surgery
Pharyngolaryngectomy;Otolaryngology (ENT) & Head & Neck Surgery
Transoral Robotic Surgery (TORS) for Oropharyngeal Cancer;Otolaryngology (ENT) & Head & Neck Surgery
Transoral Laser Microsurgery (TLM);Otolaryngology (ENT) & Head & Neck Surgery
Parotidectomy (Superficial);Otolaryngology (ENT) & Head & Neck Surgery
Parotidectomy (Total);Otolaryngology (ENT) & Head & Neck Surgery
Parotidectomy (Radical with Facial Nerve Graft);Otolaryngology (ENT) & Head & Neck Surgery
Submandibular Gland Excision;Otolaryngology (ENT) & Head & Neck Surgery
Sublingual Gland Excision;Otolaryngology (ENT) & Head & Neck Surgery
Sialendoscopy with Stone Extraction;Otolaryngology (ENT) & Head & Neck Surgery
Marsupialization of Ranula;Otolaryngology (ENT) & Head & Neck Surgery
Radical Neck Dissection;Otolaryngology (ENT) & Head & Neck Surgery
Modified Radical Neck Dissection;Otolaryngology (ENT) & Head & Neck Surgery
Selective Neck Dissection (Levels I-V);Otolaryngology (ENT) & Head & Neck Surgery
Comprehensive Neck Dissection;Otolaryngology (ENT) & Head & Neck Surgery
Cricopharyngeal Myotomy;Otolaryngology (ENT) & Head & Neck Surgery
Zenker's Diverticulectomy (Open / Endoscopic Stapling);Otolaryngology (ENT) & Head & Neck Surgery
Tracheostomy (Open Surgical);Otolaryngology (ENT) & Head & Neck Surgery
Excision of Thyroglossal Duct Cyst (Sistrunk);Otolaryngology (ENT) & Head & Neck Surgery
Branchial Cleft Fistula Excision;Otolaryngology (ENT) & Head & Neck Surgery
Composite Resection (Commando Operation for Oral Cancer);Otolaryngology (ENT) & Head & Neck Surgery
Hemiglossectomy;Otolaryngology (ENT) & Head & Neck Surgery
Total Glossectomy;Otolaryngology (ENT) & Head & Neck Surgery
Mandibulectomy (Marginal / Segmental);Otolaryngology (ENT) & Head & Neck Surgery
Maxillectomy (Medial / Subtotal / Total);Otolaryngology (ENT) & Head & Neck Surgery
Free Flap Reconstruction of Head and Neck (Radial Forearm / Fibula / ALT);Otolaryngology (ENT) & Head & Neck Surgery
Phacoemulsification with Intraocular Lens (IOL) Implantation;Ophthalmology & Ocular Surgery
Extracapsular Cataract Extraction (ECCE);Ophthalmology & Ocular Surgery
Intracapsular Cataract Extraction (ICCE);Ophthalmology & Ocular Surgery
Femtosecond Laser-Assisted Cataract Surgery (FLACS);Ophthalmology & Ocular Surgery
Toric IOL Implantation;Ophthalmology & Ocular Surgery
Multifocal / Extended Depth of Focus (EDOF) IOL Implantation;Ophthalmology & Ocular Surgery
Secondary IOL Implantation;Ophthalmology & Ocular Surgery
Scleral-Fixated Intraocular Lens Placement;Ophthalmology & Ocular Surgery
Iris-Claw IOL Implantation;Ophthalmology & Ocular Surgery
YAG Laser Capsulotomy;Ophthalmology & Ocular Surgery
Trabeculectomy with Mitomycin C;Ophthalmology & Ocular Surgery
Glaucoma Drainage Device Implantation (Ahmed / Baerveldt Valve);Ophthalmology & Ocular Surgery
Microinvasive Glaucoma Surgery (MIGS - iStent);Ophthalmology & Ocular Surgery
MIGS - Xen Gel Stent;Ophthalmology & Ocular Surgery
MIGS - Hydrus Microstent;Ophthalmology & Ocular Surgery
Selective Laser Trabeculoplasty (SLP);Ophthalmology & Ocular Surgery
Argon Laser Trabeculoplasty (ALT);Ophthalmology & Ocular Surgery
Laser Peripheral Iridotomy (LPI);Ophthalmology & Ocular Surgery
Cyclophotocoagulation (Transscleral / Endoscopic);Ophthalmology & Ocular Surgery
Pars Plana Vitrectomy (PPV - 23G / 25G / 27G);Ophthalmology & Ocular Surgery
Vitrectomy for Epiretinal Membrane Peel;Ophthalmology & Ocular Surgery
Vitrectomy for Macular Hole Repair;Ophthalmology & Ocular Surgery
Vitrectomy for Vitreous Hemorrhage;Ophthalmology & Ocular Surgery
Scleral Buckling for Retinal Detachment;Ophthalmology & Ocular Surgery
Pneumatic Retinopexy;Ophthalmology & Ocular Surgery
Panretinal Photocoagulation (PRP Laser);Ophthalmology & Ocular Surgery
Focal Laser Photocoagulation;Ophthalmology & Ocular Surgery
Intraocular Injection of Anti-VEGF (Avastin / Lucentis / Eylea);Ophthalmology & Ocular Surgery
Intravitreal Corticosteroid Steroid Implant (Ozurdex / Iluvien);Ophthalmology & Ocular Surgery
Penetrating Keratoplasty (PK / Full-Thickness Corneal Transplant);Ophthalmology & Ocular Surgery
Deep Anterior Lamellar Keratoplasty (DALK);Ophthalmology & Ocular Surgery
Descemet Stripping Automated Endothelial Keratoplasty (DSAEK);Ophthalmology & Ocular Surgery
Descemet Membrane Endothelial Keratoplasty (DMEK);Ophthalmology & Ocular Surgery
Pterygium Excision with Conjunctival Autograft;Ophthalmology & Ocular Surgery
Corneal Cross-Linking (CXL) for Keratoconus;Ophthalmology & Ocular Surgery
Photorefractive Keratectomy (PRK);Ophthalmology & Ocular Surgery
Laser-Assisted In Situ Keratomileusis (LASIK);Ophthalmology & Ocular Surgery
Small Incision Lenticule Extraction (SMILE);Ophthalmology & Ocular Surgery
Phakic Intraocular Lens Implantation (ICL);Ophthalmology & Ocular Surgery
Strabismus Surgery - Recession;Ophthalmology & Ocular Surgery
Strabismus Surgery - Resection;Ophthalmology & Ocular Surgery
Strabismus Surgery - Adjustable Sutures;Ophthalmology & Ocular Surgery
Naso-Lachrymal Duct Probing and Syringing;Ophthalmology & Ocular Surgery
Dacryocystorhinostomy (DCR - External);Ophthalmology & Ocular Surgery
Ectropion Repair (Lateral Tarsal Strip);Ophthalmology & Ocular Surgery
Entropion Repair;Ophthalmology & Ocular Surgery
Ptosis Repair (Levator Resection / Frontalis Sling);Ophthalmology & Ocular Surgery
Blepharoplasty (Upper / Lower Eyelid);Ophthalmology & Ocular Surgery
Excision of Chalazion / Stye;Ophthalmology & Ocular Surgery
Evisceration of the Eye;Ophthalmology & Ocular Surgery
Enucleation of the Eye;Ophthalmology & Ocular Surgery
Exenteration of the Orbit;Ophthalmology & Ocular Surgery
Orbital Decompression Surgery (Graves' Disease);Ophthalmology & Ocular Surgery
Orbital Floor Fracture Repair (Mesh Placement);Ophthalmology & Ocular Surgery
Resection of Ocular Surface Squamous Neoplasia (OSSN);Ophthalmology & Ocular Surgery
Rhinoplasty (Open Approach);Plastic, Reconstructive & Aesthetic Surgery
Rhinoplasty (Closed Approach);Plastic, Reconstructive & Aesthetic Surgery
Revision Rhinoplasty;Plastic, Reconstructive & Aesthetic Surgery
Blepharoplasty (Upper Eyelid);Plastic, Reconstructive & Aesthetic Surgery
Blepharoplasty (Lower Eyelid Transconjunctival);Plastic, Reconstructive & Aesthetic Surgery
Blepharoplasty (Lower Eyelid Transcutaneous);Plastic, Reconstructive & Aesthetic Surgery
Rhytidectomy (Full Facelift - SMAS Technique);Plastic, Reconstructive & Aesthetic Surgery
Deep Plane Facelift;Plastic, Reconstructive & Aesthetic Surgery
Mini Facelift / Short-Scar Facelift;Plastic, Reconstructive & Aesthetic Surgery
Brow Lift (Endoscopic);Plastic, Reconstructive & Aesthetic Surgery
Brow Lift (Coronal / Temporal);Plastic, Reconstructive & Aesthetic Surgery
Neck Lift (Platysmaplasty);Plastic, Reconstructive & Aesthetic Surgery
Mentoplasty / Genioplasty (Augmentation / Reduction);Plastic, Reconstructive & Aesthetic Surgery
Otoplasty (Ear Pinning);Plastic, Reconstructive & Aesthetic Surgery
Ear Reconstruction (Microtia / Rib Cartilage Flap);Plastic, Reconstructive & Aesthetic Surgery
Split Earlobe Repair;Plastic, Reconstructive & Aesthetic Surgery
Breast Augmentation (Submuscular / Subglandular);Plastic, Reconstructive & Aesthetic Surgery
Breast Augmentation with Fat Transfer;Plastic, Reconstructive & Aesthetic Surgery
Breast Reduction (Vertical Scar / Anchor Technique);Plastic, Reconstructive & Aesthetic Surgery
Mastopexy (Breast Lift);Plastic, Reconstructive & Aesthetic Surgery
Breast Reconstruction with TRAM Flap;Plastic, Reconstructive & Aesthetic Surgery
Breast Reconstruction with DIEP Flap;Plastic, Reconstructive & Aesthetic Surgery
Breast Reconstruction with Latissimus Dorsi Flap;Plastic, Reconstructive & Aesthetic Surgery
Breast Reconstruction with Tissue Expander / Implant;Plastic, Reconstructive & Aesthetic Surgery
Nipple-Areola Reconstruction;Plastic, Reconstructive & Aesthetic Surgery
Gynecomastia Excision / Mastectomy (Male);Plastic, Reconstructive & Aesthetic Surgery
Abdominoplasty (Full Tummy Tuck);Plastic, Reconstructive & Aesthetic Surgery
Mini Abdominoplasty;Plastic, Reconstructive & Aesthetic Surgery
Extended Abdominoplasty / Belt Lipectomy;Plastic, Reconstructive & Aesthetic Surgery
Circumferential Body Lift;Plastic, Reconstructive & Aesthetic Surgery
Liposuction (Tumescent);Plastic, Reconstructive & Aesthetic Surgery
Liposuction (Ultrasound-Assisted - VASER);Plastic, Reconstructive & Aesthetic Surgery
Liposuction (Power-Assisted);Plastic, Reconstructive & Aesthetic Surgery
Brachioplasty (Arm Lift);Plastic, Reconstructive & Aesthetic Surgery
Thighplasty (Thigh Lift);Plastic, Reconstructive & Aesthetic Surgery
Gluteal Augmentation (Brazilian Butt Lift - BBL);Plastic, Reconstructive & Aesthetic Surgery
Gluteal Implantation;Plastic, Reconstructive & Aesthetic Surgery
Panniculectomy;Plastic, Reconstructive & Aesthetic Surgery
Massive Weight Loss Body Contouring;Plastic, Reconstructive & Aesthetic Surgery
Labiaplasty (Cosmetic);Plastic, Reconstructive & Aesthetic Surgery
Monsplasty;Plastic, Reconstructive & Aesthetic Surgery
Split-Thickness Skin Graft (STSG);Plastic, Reconstructive & Aesthetic Surgery
Full-Thickness Skin Graft (FTSG);Plastic, Reconstructive & Aesthetic Surgery
Local Cutaneous Flap (Transposition / Rotation / Advancement);Plastic, Reconstructive & Aesthetic Surgery
Pedicled Flap Reconstruction;Plastic, Reconstructive & Aesthetic Surgery
Microvascular Free Tissue Transfer (Free Flap);Plastic, Reconstructive & Aesthetic Surgery
Anterolateral Thigh (ALT) Free Flap;Plastic, Reconstructive & Aesthetic Surgery
Radial Forearm Free Flap;Plastic, Reconstructive & Aesthetic Surgery
Fibula Free Flap Reconstruction;Plastic, Reconstructive & Aesthetic Surgery
Gracilis Free Flap;Plastic, Reconstructive & Aesthetic Surgery
Tissue Expander Placement and Exchange;Plastic, Reconstructive & Aesthetic Surgery
Scar Revision (Z-Plasty / W-Plasty);Plastic, Reconstructive & Aesthetic Surgery
Dermabrasion;Plastic, Reconstructive & Aesthetic Surgery
Chemical Peel (Deep / Phenol);Plastic, Reconstructive & Aesthetic Surgery
Excision of Skin Cancer (BCC / SCC) with Reconstruction;Plastic, Reconstructive & Aesthetic Surgery
Mohs Micrographic Surgery Reconstruction Flap;Plastic, Reconstructive & Aesthetic Surgery
Cleft Lip Repair (Millard Rotation-Advancement);Plastic, Reconstructive & Aesthetic Surgery
Cleft Palate Repair (Furlow Double Opposing Z-Plasty);Plastic, Reconstructive & Aesthetic Surgery
Alveolar Bone Grafting for Cleft Lip/Palate;Plastic, Reconstructive & Aesthetic Surgery
Craniofacial Vault Remodeling (Craniosynostosis);Plastic, Reconstructive & Aesthetic Surgery
Le Fort I Osteotomy;Plastic, Reconstructive & Aesthetic Surgery
Le Fort II Osteotomy;Plastic, Reconstructive & Aesthetic Surgery
Le Fort III Osteotomy;Plastic, Reconstructive & Aesthetic Surgery
Bimaxillary Osteotomy (Orthognathic Surgery);Plastic, Reconstructive & Aesthetic Surgery
Bilateral Sagittal Split Osteotomy (BSSO);Plastic, Reconstructive & Aesthetic Surgery
Distraction Osteogenesis (Mandibular);Plastic, Reconstructive & Aesthetic Surgery
Targeted Muscle Reinnervation (TMR) for Amputees;Plastic, Reconstructive & Aesthetic Surgery
Lymphovenous Anastomosis (LVA) for Lymphedema;Plastic, Reconstructive & Aesthetic Surgery
Vascularized Lymph Node Transfer (VLNT);Plastic, Reconstructive & Aesthetic Surgery
Carotid Endarterectomy;Vascular Surgery
Carotid Subclavian Bypass;Vascular Surgery
Subclavian Artery Transposition;Vascular Surgery
Axillobifemoral Bypass;Vascular Surgery
Femorofemoral Bypass;Vascular Surgery
Femoral-Popliteal Bypass (Above Knee);Vascular Surgery
Femoral-Popliteal Bypass (Below Knee);Vascular Surgery
Femoral-Peroneal Bypass;Vascular Surgery
Pedal Bypass;Vascular Surgery
Endovascular Angioplasty of Iliac Artery;Vascular Surgery
Iliac Artery Stenting;Vascular Surgery
Femoral Artery Atherectomy;Vascular Surgery
Popliteal Artery Atherectomy;Vascular Surgery
Tibial Artery Balloon Angioplasty;Vascular Surgery
Thrombectomy of Acute Arterial Occlusion;Vascular Surgery
Embolectomy (Fogarty Catheter Extraction);Vascular Surgery
Open Abdominal Aortic Aneurysm Repair;Vascular Surgery
Branched EVAR (BEVAR);Vascular Surgery
Popliteal Artery Aneurysm Repair (Open / Endovascular);Vascular Surgery
Visceral Artery Aneurysm Repair;Vascular Surgery
Splenic Artery Aneurysm Embolization;Vascular Surgery
Renal Artery Stenting;Vascular Surgery
Renal Artery Bypass;Vascular Surgery
Mesenteric Artery Bypass;Vascular Surgery
Superior Mesenteric Artery Stenting;Vascular Surgery
Arteriovenous Fistula Creation (Radiocephalic / Brescia-Cimino);Vascular Surgery
Arteriovenous Fistula Creation (Brachiocephalic);Vascular Surgery
Brachiobasilic AV Fistula with Vein Transposition;Vascular Surgery
Arteriovenous Graft Placement (Forearm Loop / Thigh);Vascular Surgery
AV Fistula / Graft Thrombectomy & Revision;Vascular Surgery
Central Venous Catheter Placement (Permcath / Hickman);Vascular Surgery
Totally Implantable Venous Access Port (Port-a-Cath) Placement;Vascular Surgery
Inferior Vena Cava (IVC) Filter Insertion;Vascular Surgery
IVC Filter Retrieval (Complex / Routine);Vascular Surgery
Iliac Vein Stenting (May-Thurner Syndrome);Vascular Surgery
Transjugular Intrahepatic Portosystemic Shunt (TIPS);Vascular Surgery
Surgical Portocaval Shunt;Vascular Surgery
Splenorenal Shunt (Distal / Warren);Vascular Surgery
Endovenous Laser Ablation (EVLA) of Great Saphenous Vein;Vascular Surgery
Radiofrequency Ablation (RFA) of Varicose Veins;Vascular Surgery
Mechanochemical Ablation (ClariVein);Vascular Surgery
Cyanoacrylate Glue Closure of Veins (VenaSeal);Vascular Surgery
Ambulatory Phlebectomy of Varicose Tributaries;Vascular Surgery
Sclerotherapy of Spider & Varicose Veins;Vascular Surgery
First Rib Resection for Thoracic Outlet Syndrome;Vascular Surgery
Scalenectomy for Neurogenic TOS;Vascular Surgery
Lumbar Sympathectomy;Vascular Surgery
Buerger's Disease Sympathectomy;Vascular Surgery
Major Lower Extremity Amputation (Transfemoral / Transtibial);Vascular Surgery
Pediatric Appendectomy (Laparoscopic);Pediatric Surgery
Congenital Diaphragmatic Hernia (CDH) Repair;Pediatric Surgery
Tracheoesophageal Fistula (TEF) Repair;Pediatric Surgery
Esophageal Atresia Repair;Pediatric Surgery
Hypertrophic Pyloric Stenosis Repair (Ramstedt Pyloromyotomy);Pediatric Surgery
Intussusception Reduction (Pneumatic / Surgical);Pediatric Surgery
Malrotation and Volvulus Repair (Ladd's Procedure);Pediatric Surgery
Hirschsprung's Disease Pull-Through (Swenson / Duhamel / Soave);Pediatric Surgery
Transanal Endorectal Pull-Through (TERPT);Pediatric Surgery
Imperforate Anus Repair (Posterior Sagittal Anorectoplasty - PSARP / Pena);Pediatric Surgery
Duodenal Atresia Repair (Duodenoduodenostomy);Pediatric Surgery
Jejunoileal Atresia Resection and Anastomosis;Pediatric Surgery
Meconium Ileus Surgical Management;Pediatric Surgery
Omphalocele Closure (Primary / Staged Silo);Pediatric Surgery
Gastroschisis Closure (Silo / Primary Placement);Pediatric Surgery
Biliary Atresia Kasai Portoenterostomy;Pediatric Surgery
Choledochal Cyst Excision and Roux-en-Y Reconstruction;Pediatric Surgery
Congenital Pulmonary Airway Malformation (CPAM) Resection;Pediatric Surgery
Bronchopulmonary Sequestration Resection;Pediatric Surgery
Pectus Excavatum Repair (Nuss Bar Placement);Pediatric Surgery
Pectus Carinatum Repair (Abramson / Ravitch);Pediatric Surgery
Inguinal Hernia Repair in Infants (High Ligation);Pediatric Surgery
Hydrocelectomy (Pediatric);Pediatric Surgery
Undescended Testis Orchiopexy;Pediatric Surgery
Hypospadias Repair (Snodgrass / TIP / MAGPI);Pediatric Surgery
Epispadias Repair;Pediatric Surgery
Bladder Exstrophy Reconstruction;Pediatric Surgery
Ureteropelvic Junction (UPJ) Obstruction Pyeloplasty;Pediatric Surgery
Ureteral Reimplantation for Vesicoureteral Reflux (VUR);Pediatric Surgery
Deflux Injection for VUR;Pediatric Surgery
Wilms Tumor Nephrectomy;Pediatric Surgery
Neuroblastoma Resection;Pediatric Surgery
Sacrococcygeal Teratoma Excision;Pediatric Surgery
Hepatoblastoma Resection;Pediatric Surgery
Splenectomy for Hereditary Spherocytosis / Sickle Cell;Pediatric Surgery
Pediatric Tracheostomy;Pediatric Surgery
Branchial Remnant Excision;Pediatric Surgery
Thyroglossal Duct Cyst Sistrunk Procedure;Pediatric Surgery
Tongue-Tie Release (Frenotomy in Infants);Pediatric Surgery
Resuscitative Thoracotomy (ED Thoracotomy);Trauma & Emergency Acute Care Surgery
Damage Control Laparotomy;Trauma & Emergency Acute Care Surgery
Abdominal Temporary Closure (Abthera / Vacuum Pack);Trauma & Emergency Acute Care Surgery
Exploratory Laparotomy for Penetrating Trauma;Trauma & Emergency Acute Care Surgery
Splenectomy for Traumatic Laceration;Trauma & Emergency Acute Care Surgery
Splenorrhaphy for Trauma;Trauma & Emergency Acute Care Surgery
Hepatic Resection / Packing for Severe Liver Trauma;Trauma & Emergency Acute Care Surgery
Hepatorrhaphy;Trauma & Emergency Acute Care Surgery
Retroperitoneal Hematoma Exploration;Trauma & Emergency Acute Care Surgery
Traumatic Bowel Resection and Stoma;Trauma & Emergency Acute Care Surgery
Pancreaticoduodenal Trauma Resection;Trauma & Emergency Acute Care Surgery
Damage Control Orthopedics (External Fixation);Trauma & Emergency Acute Care Surgery
Resuscitative Endovascular Balloon Occlusion of the Aorta (REBOA);Trauma & Emergency Acute Care Surgery
Surgical Cricothyroidotomy;Trauma & Emergency Acute Care Surgery
Emergency Tube Thoracostomy;Trauma & Emergency Acute Care Surgery
Traumatic Diaphragmatic Rupture Repair;Trauma & Emergency Acute Care Surgery
Pericardial Window for Traumatic Hemopericardium;Trauma & Emergency Acute Care Surgery
Traumatic Vascular Repair (Shunting / Bypass);Trauma & Emergency Acute Care Surgery
Emergency Decompressive Craniectomy for TBI;Trauma & Emergency Acute Care Surgery
Four-Compartment Lower Leg Fasciotomy;Trauma & Emergency Acute Care Surgery
Two-Compartment Forearm Fasciotomy;Trauma & Emergency Acute Care Surgery
Pelvic Packing for Severe Fractures;Trauma & Emergency Acute Care Surgery
Emergency Tracheostomy;Trauma & Emergency Acute Care Surgery
Burn Escharotomy;Trauma & Emergency Acute Care Surgery
Surgical Debridement of Open Fracture;Trauma & Emergency Acute Care Surgery
Radical Mastectomy;Surgical Oncology
Modified Radical Mastectomy;Surgical Oncology
Skin-Sparing Mastectomy;Surgical Oncology
Nipple-Sparing Mastectomy;Surgical Oncology
Lumpectomy / Breast-Conserving Surgery;Surgical Oncology
Sentinel Lymph Node Biopsy (SLNB);Surgical Oncology
Axillary Lymph Node Dissection (ALND);Surgical Oncology
Hyperthermic Intraperitoneal Chemotherapy (HIPEC) with Cytoreductive Surgery;Surgical Oncology
Pressurized Intraperitoneal Aerosol Chemotherapy (PIPAC);Surgical Oncology
Pelvic Exenteration (Total / Anterior / Posterior);Surgical Oncology
Retroperitoneal Sarcoma Resection;Surgical Oncology
Wide Local Excision of Melanoma with Margins;Surgical Oncology
Radical Gastrectomy with D2 Lymphadenectomy;Surgical Oncology
Radical Colectomy with Mesocolic Excision (CME);Surgical Oncology
Total Mesorectal Excision (TME);Surgical Oncology
Pancreaticoduodenectomy (Whipple) for Adenocarcinoma;Surgical Oncology
Hepatic Resection for Colorectal Liver Metastases;Surgical Oncology
Radiofrequency / Microwave Ablation of Liver Tumors;Surgical Oncology
Thyroidectomy with Central / Lateral Neck Dissection;Surgical Oncology
Soft Tissue Sarcoma Wide Resection;Surgical Oncology
Bone Sarcoma Limb-Salvage Surgery;Surgical Oncology
Esophagectomy with Lymph Node Dissection;Surgical Oncology
Surgical Extraction of Impacted Third Molars (Wisdom Teeth);Oral & Maxillofacial Surgery (OMFS)
Dental Implant Placement (Single / Multiple);Oral & Maxillofacial Surgery (OMFS)
All-on-4 / All-on-6 Dental Implant Reconstruction;Oral & Maxillofacial Surgery (OMFS)
Alveolar Ridge Augmentation (Bone Grafting);Oral & Maxillofacial Surgery (OMFS)
Sinus Lift Procedure (Direct / Indirect);Oral & Maxillofacial Surgery (OMFS)
Apicoectomy (Root Tip Resection);Oral & Maxillofacial Surgery (OMFS)
Orthognathic Surgery - Le Fort I Osteotomy;Oral & Maxillofacial Surgery (OMFS)
Orthognathic Surgery - Bilateral Sagittal Split Osteotomy (BSSO);Oral & Maxillofacial Surgery (OMFS)
Genioplasty (Mentoplasty);Oral & Maxillofacial Surgery (OMFS)
Distraction Osteogenesis of Mandible / Maxilla;Oral & Maxillofacial Surgery (OMFS)
Open Reduction Internal Fixation (ORIF) of Mandible Fracture;Oral & Maxillofacial Surgery (OMFS)
ORIF of Zygomaticomaxillary Complex (ZMC) Fracture;Oral & Maxillofacial Surgery (OMFS)
ORIF of Le Fort I / II / III Fractures;Oral & Maxillofacial Surgery (OMFS)
ORIF of Orbital Rim and Floor Fracture;Oral & Maxillofacial Surgery (OMFS)
Temporomandibular Joint (TMJ) Arthroscopy;Oral & Maxillofacial Surgery (OMFS)
TMJ Arthrocentesis;Oral & Maxillofacial Surgery (OMFS)
Total TMJ Joint Replacement (Prosthesis);Oral & Maxillofacial Surgery (OMFS)
Excision of Odontogenic Cysts & Tumors (Ameloblastoma);Oral & Maxillofacial Surgery (OMFS)
Enucleation and Curettage of Jaw Lesions;Oral & Maxillofacial Surgery (OMFS)
Marsupialization of Jaw Cysts;Oral & Maxillofacial Surgery (OMFS)
Alveoloplasty;Oral & Maxillofacial Surgery (OMFS)
Frenectomy (Labial / Lingual);Oral & Maxillofacial Surgery (OMFS)
Harvesting of Autogenous Iliac Crest Bone Graft for Jaw;Oral & Maxillofacial Surgery (OMFS)
Microvascular Reconstruction of Mandible with Fibula Free Flap;Oral & Maxillofacial Surgery (OMFS)
Chevron Bunionectomy;Podiatric Surgery
Scarf Bunionectomy;Podiatric Surgery
Akin Osteotomy;Podiatric Surgery
Lapidus Arthrodesis (First Tarsometatarsal Fusion);Podiatric Surgery
Austin Bunionectomy;Podiatric Surgery
Keller Arthroplasty;Podiatric Surgery
Distal Metatarsal Articular Angle (DMAA) Correction;Podiatric Surgery
Hammertoe Proximal Interphalangeal Fusion;Podiatric Surgery
Hammertoe Arthroplasty;Podiatric Surgery
Metatarsophalangeal (MTP) Joint Fusion;Podiatric Surgery
First MTP Joint Implant Arthroplasty;Podiatric Surgery
Morton's Intermetatarsal Neuroma Resection;Podiatric Surgery
Plantar Fasciotomy (Open / Endoscopic);Podiatric Surgery
Calcaneal Spur Resection;Podiatric Surgery
Subtalar Joint Arthroereisis;Podiatric Surgery
Subtalar Joint Arthrodesis;Podiatric Surgery
Triple Arthrodesis of Foot;Podiatric Surgery
Evans Calcaneal Osteotomy for Flatfoot;Podiatric Surgery
Cotton Osteotomy (Medial Cuneiform);Podiatric Surgery
Tarsal Tunnel Decompression;Podiatric Surgery
Achilles Tendon Lengthening (Percutaneous Triple-Incision);Podiatric Surgery
Matrixectomy for Ingrown Toenail (Chemical / Surgical);Podiatric Surgery
Charcot Foot Reconstruction & Exostectomy;Podiatric Surgery
Partial Ray Amputation of Foot;Podiatric Surgery
Transmetatarsal Amputation (TMA);Podiatric Surgery
Lisfranc Fracture ORIF / Arthrodesis;Podiatric Surgery
